loglik,loglik.se,betaB,mu_B,XthetaA,thetaI,lambdaR,r,std_W,epsilon,k,cas_def,foi_add,sigma,gammaI,gammaA,rhoA,XrhoI,Rtot_0,H,D,mu,alpha,cases_ext,t_vacc_start,t_vacc_end,p1d_reg,r_v_year
-1096.206333,0.140449963,0.516191471,133.197161,0.043616072,3.45E-04,0.277423771,0.313603588,0.00817228,0.975027071,101.2215999,0.16,1.53E-06,0.25,182.625,182.625,0.125085616,1,0.35,1727524,353,0.015866255,1.461,1,0,0,0,0